slug,title,eyebrow,hero_tags,hero_lead,body_paragraphs,scope_heading,scope_list,gallery (src:alt),meta_title,meta_description,canonical
albadar-feed-kabul-20tph,"20 t/h, across the border.",Case study · Afghanistan,20 t/h | Full automation | Turnkey,"A fully automated poultry feed line for Albadar Feed — grinding, mixing, pelletizing, cooling, screening and packing — engineered in Lahore, installed and commissioned in Kabul.","Albadar Feed needed a complete poultry feed plant delivered into Kabul — a project where every flange, cable and commissioning engineer had to cross a border on schedule. SEMZON delivered it as a single turnkey scope.

The line runs the full six-stage SEMZON flow: intake cleaning, SMSP grinding, SMHY batching and mixing with automatic liquid addition, SZLH conditioning and pelleting, SKLN counterflow cooling with crumbling and screening, and 25/50 kg packing — all under one PLC operator screen.

Fabrication and pre-assembly in Lahore compressed the on-site programme; SEMZON site teams erected, wired and commissioned to rated output, then trained Albadar's operators on the panel. Spares ship from the same works that cut the first steel.",Scope delivered,"Design & layout engineering for the Kabul site | Complete machine set fabricated in Lahore | Cross-border delivery, erection and installation | Full PLC automation — batching to packing | Commissioning to 20 t/h rated output | Operator training and spares programme","/assets/img/project-albadar-feed-kabul-01.webp:Pelleting section, Albadar Feed Kabul | /assets/img/project-albadar-feed-kabul-02.webp:Installed line, Albadar Feed Kabul",Albadar Feed Kabul — 20 t/h Case Study | SEMZON Engineering,"How SEMZON delivered a fully automated 20 t/h poultry feed plant to Kabul: turnkey scope, cross-border installation, commissioning and training.",https://www.semzoneng.com/projects/albadar-feed-kabul-20tph/
alitifaq-feeds-kasur,Built to keep running.,Case study · Punjab,Feed line | Kasur | Support,"A feed plant installation for Al-Itifaq Feeds, Kasur — delivered turnkey and backed by an ongoing spares and support programme.","Al-Itifaq Feeds joined the growing list of Kasur-belt producers running on SEMZON machinery.

The plant was fabricated, installed and commissioned as a turnkey scope, then placed on SEMZON's spares and support programme so wear parts and service are a phone call away.

It reflects how SEMZON customers stay: the works that built the line also keeps it running.",Scope delivered,Turnkey feed plant | In-house fabrication | Installation & commissioning | Operator training | Spares & support programme | Long-term service relationship,"/assets/img/project-alitifaq-feeds-kasur-01.webp:Feed plant, Al-Itifaq Feeds Kasur",Al-Itifaq Feeds Kasur — Feed Plant Case Study | SEMZON Engineering,"SEMZON turnkey feed plant for Al-Itifaq Feeds, Kasur — installed, commissioned and backed by an ongoing spares and support programme.",https://www.semzoneng.com/projects/alitifaq-feeds-kasur/
auriga-bop-karachi,Fertilizer-scale fabrication.,Case study · Sindh,BOP plant | 50–200 t/d | Karachi,"A BOP fertilizer plant for Auriga, Karachi — SEMZON's standing reference for fertilizer-scale process fabrication delivered turnkey.","Auriga required a bone-based (BOP) fertilizer plant at process scale — grinding, granulation, drying and screening engineered to run as one continuous line rather than a set of separate machines.

SEMZON delivered the full process chain with materials handling and structures fabricated in-house, coordinating every transfer point, height and airflow before anything shipped.

The result anchors the SEMZON fertilizer reference list and underpins the SSP and BOP plant scopes offered today.",Scope delivered,"Full BOP process line | Granulation, drying & screening | In-house structures & handling | Coordinated process fabrication | Commissioning to rated output | Ongoing support from Lahore","/assets/img/project-auriga-bop-karachi-01.webp:BOP fertilizer plant, Auriga Karachi",Auriga Karachi — BOP Fertilizer Plant Case Study | SEMZON Engineering,"SEMZON BOP fertilizer plant for Auriga, Karachi — fertilizer-scale process fabrication delivered turnkey from Lahore.",https://www.semzoneng.com/projects/auriga-bop-karachi/
quetta-wmc,Waste into product.,Case study · Balochistan,Compost | Waste management | Quetta,A waste-management and composting installation at Quetta — turning municipal and farm organics into saleable compost.,"The Quetta Waste Management Company needed to convert mixed organic waste into a graded, saleable compost rather than a disposal burden.

SEMZON supplied the sorting, size-reduction, maturation-handling and final screening equipment that takes raw organics through to product grade, with contaminant removal at the front end.

It is the working reference for SEMZON's 50–100 t/d organic compost plant scope.",Scope delivered,Front-end sorting & contaminant removal | Size reduction | Maturation handling | Final product screening | Turnkey installation | Commissioning & training,"/assets/img/project-quetta-wmc-01.webp:Compost plant, Quetta WMC",Quetta WMC — Compost & Waste Management Case Study | SEMZON Engineering,SEMZON waste-management and composting installation at Quetta — municipal and farm organics turned into saleable compost.,https://www.semzoneng.com/projects/quetta-wmc/
roshan-feeds-gujranwala,Pellet systems for Punjab.,Case study · Punjab,Pellet system | Gujranwala | Poultry,A pellet line installation for Roshan Feeds — one of Gujranwala's established poultry feed producers — built and supported from the SEMZON works in Lahore.,"Roshan Feeds needed to move from mash to dense, durable pellets to serve a growing poultry market around Gujranwala. SEMZON delivered the pelleting heart of the line — conditioning, pressing and cooling — matched to the mill's existing grinding and batching.

The installation is built around the SZLH ring-die pellet mill with steam conditioning and SKLN counterflow cooling, so pellets leave hard, low-fines and within a few degrees of ambient, ready to bag.

Fabricated and trial-run in Lahore, then installed and commissioned on site — with dies, rollers and wear parts supported from the same works for the life of the plant.",Scope delivered,Pellet mill & conditioning integration | SZLH ring-die pelleting | SKLN counterflow cooling | Matched to existing grinding & batching | Commissioning & operator handover | Dies & spares programme,"/assets/img/project-roshan-feeds-gujranwala-01.webp:Pellet system, Roshan Feeds Gujranwala",Roshan Feeds Gujranwala — Pellet System Case Study | SEMZON Engineering,"SEMZON pellet system installation for Roshan Feeds, Gujranwala — engineered, fabricated and commissioned from the Lahore works.",https://www.semzoneng.com/projects/roshan-feeds-gujranwala/
subhan-feeds-kasur,Feed lines for the Kasur belt.,Case study · Punjab,Feed line | Kasur | Poultry,"A feed line delivery for Subhan Feeds — serving the growing poultry sector of the Kasur belt, engineered and supported from Lahore.","Subhan Feeds needed reliable, right-sized feed production to serve poultry farms across the Kasur district.

SEMZON delivered the feed line — cleaning, grinding, batching, mixing and pelleting — fabricated in Lahore and commissioned on site to rated output.

Proximity to the works means spares and service reach Kasur quickly, keeping the line producing.",Scope delivered,"Complete feed line | Grinding, mixing & pelleting | Fabricated in Lahore | On-site installation & commissioning | Operator handover | Local spares & service","/assets/img/project-subhan-feeds-kasur-01.webp:Feed line, Subhan Feeds Kasur",Subhan Feeds Kasur — Feed Line Case Study | SEMZON Engineering,"SEMZON feed line delivery for Subhan Feeds, Kasur — cleaning to pelleting, fabricated in Lahore and commissioned on site.",https://www.semzoneng.com/projects/subhan-feeds-kasur/
