slug,title,category_breadcrumb,hero_tags,hero_lead,body_paragraphs,why_heading,features,hero_image,hero_image_alt,spec_table (label:value),related (name>link),meta_title,meta_description,canonical
ancillary-equipment,Ancillary Equipment,Products · Plant support,Complete-plant scope,"Everything a turnkey line needs around the main machines — boilers, cyclones, airlocks, magnets and ducting from one supplier.","Turnkey means the unglamorous equipment arrives too: steam boilers for conditioning, cyclones and airlocks for aspiration, magnets protecting dies and rolls, and the ducting that ties the dust system together.

Specifying it all from one works means every flange, height and airflow is already coordinated before anything ships.",Why plants specify it,"Steam boilers for conditioning | Cyclones, airlocks and aspiration ducting | Magnets ahead of critical machines | Coordinated as part of the turnkey scope",/assets/img/illus-ancillary.svg,Ancillary Equipment,"Scope:Boilers · cyclones · airlocks · magnets · ducting | Role:Aspiration, steam & protection systems | Supply:Part of turnkey delivery",Feed Pellet Mill>../pelleting/feed-pellet-mill/index.html | Hammer Mill>../grinding/hammer-mill/index.html | Storage Tanks>../fabrication/storage-tanks/index.html,Ancillary Equipment — AUX | SEMZON Engineering,"Everything a turnkey line needs around the main machines — boilers, cyclones, airlocks, magnets and ducting from one supplier.",https://www.semzoneng.com/products/ancillary-equipment/
plc-control-panels,PLC & Control Panels,Products · Automation,Batching to full line | Retrofit-ready,From a single batching panel to full-line automation — SEMZON builds the electrical brain of the plant in-house.,"SEMZON designs and wires PLC and MCC panels for every stage of the plant: batching and mixing first, then grinding, pelleting, cooling and packing brought under one operator screen.

Because panels are built in the same works as the machines, retrofitting automation into a running mill — ours or anyone's — is a routine job, not a science project.",Why plants specify it,Batching-only to full-line scope | MCC and PLC panels built in-house | Touchscreen operation and recipe storage | Retrofits into existing mills | Commissioning and operator training included,/assets/img/automation-plc-panel-01.webp,PLC & Control Panels,"Scope:Batching → full-line control | Panels:PLC + MCC, in-house build | HMI:Touchscreen, recipe storage | Service:Retrofit & training available",Automatic Liquid Adding>../../mixing/liquid-adding/index.html | Rotary Distributor>../../conveying/rotary-distributor/index.html | Packing Scales>../../packing/packing-scales/index.html,PLC & Control Panels — PLC | SEMZON Engineering,From a single batching panel to full-line automation — SEMZON builds the electrical brain of the plant in-house.,https://www.semzoneng.com/products/automation/plc-control-panels/
drum-cleaner,Drum Cleaner,Products · Cleaning,Rotary scalping | Stage 01 · Cleaning,"A rotating drum screen that scalps meals and ground materials, catching lumps, string and foreign matter ahead of batching.","The rotary drum cleaner handles meals, ground grain and bulk ingredients that need gentle, continuous scalping rather than aggressive screening. Material passes through the rotating perforated drum; clean product falls through while oversize discharges at the end.

It is specified on SEMZON lines wherever soybean meal, canola and by-products enter the process.",Why plants specify it,"Continuous rotary scalping of meals and ground material | Gentle action, low power demand | Easy drum access for screen cleaning | Dust-tight housing with aspiration connection",/assets/img/illus-drum-cleaner.svg,Drum Cleaner,"Type:Rotary drum screen | Duty:Meals, ground grain, by-products | Position:Stage 01 — intake & cleaning",Maize Pre-Cleaner>../maize-pre-cleaner/index.html | Vibration Screener>../../screening/vibration-screener/index.html | Ribbon Mixer>../../mixing/ribbon-mixer/index.html,Drum Cleaner — ROTARY | SEMZON Engineering,"A rotating drum screen that scalps meals and ground materials, catching lumps, string and foreign matter ahead of batching.",https://www.semzoneng.com/products/cleaning/drum-cleaner/
maize-pre-cleaner,Maize Pre-Cleaner,Products · Cleaning,Intake duty | Stage 01 · Cleaning,"First defence for the whole plant — cobs, stones, string and oversize trash are pulled out before raw maize touches a machine.","The CP pre-cleaner scalps incoming maize and grain at intake rates matched to your dumping pit and elevator, protecting hammer mills, conveyors and pellet dies from tramp material.

Combined with drum cleaning and magnets it forms the Stage 01 cleaning section of every SEMZON feed line.",Why plants specify it,"High-capacity intake scalping | Removes cobs, stones, string and oversize trash | Protects grinding and pelleting equipment downstream | Low-maintenance screen access",/assets/img/cleaning-maize-pre-cleaner-cp-01.webp,Maize Pre-Cleaner,Series:CP | Duty:Raw maize & grain intake | Function:Scalping / pre-cleaning | Position:Stage 01 — intake & cleaning,Drum Cleaner>../drum-cleaner/index.html | Hammer Mill>../../grinding/hammer-mill/index.html | Bucket Elevator>../../conveying/bucket-elevator/index.html,Maize Pre-Cleaner — CP | SEMZON Engineering,"First defence for the whole plant — cobs, stones, string and oversize trash are pulled out before raw maize touches a machine.",https://www.semzoneng.com/products/cleaning/maize-pre-cleaner/
pellet-cleaner,Pellet Cleaner,Products · Cleaning,Finished-pellet duty | Stage 05 · Screening,"Separates fines and broken pellets from finished product before packing, so only uniform pellets reach the bag.","Positioned after cooling, the pellet cleaner strips fines and fragments from the finished pellet stream and returns them for re-pelleting, protecting pellet durability numbers and bag appearance.

It works alongside the SSLG crumbler and SFJH screener in the Stage 05 screening section of the line.",Why plants specify it,Removes fines and broken pellets before packing | Recovered fines returned for re-pelleting | Improves pellet durability index at dispatch | Simple screen change for pellet diameter,/assets/img/cleaning-pellet-cleaner-01.webp,Pellet Cleaner,Duty:Finished pellets & crumbs | Function:Fines separation / cleaning | Position:Stage 05 — cooling & screening,Pellet Crumbler>../../screening/crumbler/index.html | Vibration Screener>../../screening/vibration-screener/index.html | Packing Scales>../../packing/packing-scales/index.html,Pellet Cleaner — FINES | SEMZON Engineering,"Separates fines and broken pellets from finished product before packing, so only uniform pellets reach the bag.",https://www.semzoneng.com/products/cleaning/pellet-cleaner/
bucket-elevator,Bucket Elevator,Products · Conveying,Line-matched capacity | All stages,Vertical lifting matched to your line rate and headroom — the workhorse that moves material between every stage of the plant.,"SEMZON bucket elevators lift grain, meal and pellets between process floors at capacities matched to the line, with belt speeds and bucket pitch selected per material.

Explosion-relief options, inspection doors and boot cleanout are detailed to keep maintenance simple and the elevator leg safe.",Why plants specify it,Capacities matched to line rate | Heights engineered to your building | Belt and bucket selection per material | Inspection and cleanout access as standard,/assets/img/conveying-bucket-elevator-01.webp,Bucket Elevator,Type:Belt & bucket elevator | Duty:Grain · meal · pellets | Sizing:To line capacity & headroom,"Chain, Screw & Trough Conveyors>../conveyors/index.html | Rotary Distributor>../rotary-distributor/index.html | Packing Scales>../../packing/packing-scales/index.html",Bucket Elevator — TDTG | SEMZON Engineering,Vertical lifting matched to your line rate and headroom — the workhorse that moves material between every stage of the plant.,https://www.semzoneng.com/products/conveying/bucket-elevator/
conveyors,"Chain, Screw & Trough Conveyors",Products · Conveying,Dust-tight options | All stages,"Horizontal and inclined transport — drag chain, screw and trough conveyors fabricated to the exact runs your layout needs.","Every SEMZON line is tied together with conveyors fabricated in our own works: en-masse drag chains for gentle high-capacity runs, screws for metering and inclines, troughs where simplicity wins.

Dust-tight covers, intermediate discharge gates and wear liners are specified per duty.",Why plants specify it,"Drag chain, screw and trough types | Fabricated to your layout runs | Dust-tight covers and discharge gates | Wear liners for abrasive duties",/assets/img/illus-conveyors.svg,"Chain, Screw & Trough Conveyors","Types:Drag chain · screw · trough | Duty:Grain, meal, pellets | Build:Fabricated per layout in Lahore",Bucket Elevator>../bucket-elevator/index.html | Rotary Distributor>../rotary-distributor/index.html | Ancillary Equipment>../../ancillary-equipment/index.html,"Chain, Screw & Trough Conveyors — CONVEY | SEMZON Engineering","Horizontal and inclined transport — drag chain, screw and trough conveyors fabricated to the exact runs your layout needs.",https://www.semzoneng.com/products/conveying/conveyors/
rotary-distributor,Rotary Distributor,Products · Conveying,Bin routing | Stage 01–06,"One inlet, many bins — motorised rotary routing that sends material to any silo or bin the recipe calls for.","The rotary distributor swings a motorised inner spout across multiple outlet ports, routing incoming material to the selected bin under PLC control.

It removes manual slide-gate juggling above batching bins and finished-product silos alike.",Why plants specify it,"Single inlet to multiple outlets | Motorised, PLC-selectable routing | Position feedback for verified delivery | Dust-tight housing",/assets/img/conveying-rotary-distributor-01.webp,Rotary Distributor,Function:One-to-many bin routing | Control:Motorised · PLC selected | Position:Above batching / storage bins,"Bucket Elevator>../bucket-elevator/index.html | PLC & Control Panels>../../automation/plc-control-panels/index.html | Chain, Screw & Trough Conveyors>../conveyors/index.html",Rotary Distributor — ROUTE | SEMZON Engineering,"One inlet, many bins — motorised rotary routing that sends material to any silo or bin the recipe calls for.",https://www.semzoneng.com/products/conveying/rotary-distributor/
counterflow-cooler,Counterflow Cooler,Products · Cooling & drying,6–30 t/h | Ambient +3–5 °C | Stage 05 · Cooling,"Counterflow air against a settling pellet bed — hot pellets leave within 3–5 °C of ambient, hard, dry and ready to screen.","The SKLN cooler draws ambient air upward through a descending bed of hot pellets, so the coolest air always meets the coolest product. Pellets exit within 3–5 °C of ambient with moisture flashed off, protecting durability and safe storage.

Level sensors and a slide-gate discharge keep bed depth — and cooling time — constant regardless of line rate from 6 to 30 t/h.",Why plants specify it,"Capacities 6–30 t/h | Product to within +3–5 °C of ambient | Counterflow principle protects pellet quality | Automatic bed-level control | Octagonal bin, no dead corners",/assets/img/cooling-counterflow-cooler-skln-cut.webp,Counterflow Cooler,"Series:SKLN | Capacity:6–30 t/h | Outlet temp:Ambient +3–5 °C | Principle:Counterflow air / gravity bed | Discharge:Slide-gate, level-controlled",Belt Dryer>../dryer/index.html | Pellet Crumbler>../../screening/crumbler/index.html | Feed Pellet Mill>../../pelleting/feed-pellet-mill/index.html,Counterflow Cooler — SKLN | SEMZON Engineering,"Counterflow air against a settling pellet bed — hot pellets leave within 3–5 °C of ambient, hard, dry and ready to screen.",https://www.semzoneng.com/products/cooling-drying/counterflow-cooler/
dryer,Belt Dryer,Products · Cooling & drying,Extruded aqua feed | Stage 05 · Drying,Multi-layer belt drying that takes extruded feed down to safe moisture gently and evenly — the partner machine to every extruder.,"The SHGW belt dryer carries extruded pellets across stacked mesh belts through controlled hot-air zones, drying to target moisture without case-hardening or breaking the product.

Steam and gas heating options match the utilities available at your site.",Why plants specify it,"Multi-layer belt design, even residence time | Zone-controlled hot air | Steam or gas heating options | Gentle handling of expanded product",/assets/img/cooling-dryer-shgw-01.webp,Belt Dryer,Series:SHGW | Type:Multi-layer belt dryer | Duty:Extruded aqua & pet feed | Heating:Steam / gas options,Fish Feed Extruder>../../extrusion/fish-feed-extruder/index.html | Counterflow Cooler>../counterflow-cooler/index.html | Vibration Screener>../../screening/vibration-screener/index.html,Belt Dryer — SHGW | SEMZON Engineering,Multi-layer belt drying that takes extruded feed down to safe moisture gently and evenly — the partner machine to every extruder.,https://www.semzoneng.com/products/cooling-drying/dryer/
dry-extruder,Dry Extruder,Products · Extrusion,Full-fat soya | No boiler needed | Stage 04 · Extrusion,Friction-cooked extrusion without a boiler — the straightforward route to full-fat soya and small-line pet food.,"The SPHG dry extruder generates its cooking heat through barrel friction alone, so plants without steam can still produce full-fat extruded soya and simple pet rations.

It suits smaller operations and ingredient pre-treatment inside larger SEMZON lines.",Why plants specify it,No steam boiler required | Full-fat soya processing | Compact footprint for small lines | Simple operation and maintenance,/assets/img/extrusion-dry-extruder-sphg-01.webp,Dry Extruder,Series:SPHG | Process:Dry (friction) extrusion | Products:Full-fat soya · pet food | Utilities:Electric drive only,Fish Feed Extruder>../fish-feed-extruder/index.html | Hammer Mill>../../grinding/hammer-mill/index.html | Ribbon Mixer>../../mixing/ribbon-mixer/index.html,Dry Extruder — SPHG | SEMZON Engineering,Friction-cooked extrusion without a boiler — the straightforward route to full-fat soya and small-line pet food.,https://www.semzoneng.com/products/extrusion/dry-extruder/
fish-feed-extruder,Fish Feed Extruder,Products · Extrusion,Floating & sinking | Aqua & pet | Stage 04 · Extrusion,"Wet extrusion for floating and sinking aqua feed and pet food — cooked, expanded and shaped in one conditioned pass.","The SMHS wet extruder steam-conditions the ration, then cooks and expands it through the barrel and die, producing floating or sinking pellets by recipe and die selection. Starch gelatinisation improves water stability and digestibility for fish, shrimp and pets.

Paired with the SHGW dryer and coating equipment it forms the core of SEMZON aqua and pet feed lines from 2 to 20 t/h.",Why plants specify it,Floating and sinking product from one machine | Steam pre-conditioning for cook and stability | Die sets for species and pellet sizes | Pairs with SHGW belt dryer and coater,/assets/img/extrusion-fish-feed-extruder-smhs-01.webp,Fish Feed Extruder,Series:SMHS | Process:Wet extrusion | Products:Floating / sinking aqua feed · pet food | Line range:2–20 t/h aqua & pet lines,Dry Extruder>../dry-extruder/index.html | Belt Dryer>../../cooling-drying/dryer/index.html | Feed Pellet Mill>../../pelleting/feed-pellet-mill/index.html,Fish Feed Extruder — SMHS | SEMZON Engineering,"Wet extrusion for floating and sinking aqua feed and pet food — cooked, expanded and shaped in one conditioned pass.",https://www.semzoneng.com/products/extrusion/fish-feed-extruder/
storage-tanks,Storage Tanks,Products · Fabrication,1–100 t | MS fabrication,"Fabricated storage from one tonne to one hundred — raw material bins, finished-product silos and liquid tanks built in our Lahore works.","SEMZON fabricates mild-steel storage tanks and bins from 1 to 100 tonnes: intake bins, batching bins above the mixer, finished-feed silos and liquid storage for oils and molasses.

Discharge geometry, level sensing and access are engineered per material so what goes in comes out — first in, first out, no bridging.",Why plants specify it,"Capacities 1–100 t | Intake, batching and finished-product duties | Liquid tanks for oils and molasses | Discharge geometry engineered per material",/assets/img/illus-storage-tanks.svg,Storage Tanks,"Range:1–100 t | Build:MS fabrication, Lahore works | Duties:Raw · batching · finished · liquid | Options:Level sensing, access platforms",Bucket Elevator>../../conveying/bucket-elevator/index.html | Ancillary Equipment>../../ancillary-equipment/index.html | Rotary Distributor>../../conveying/rotary-distributor/index.html,Storage Tanks — 1–100 T | SEMZON Engineering,"Fabricated storage from one tonne to one hundred — raw material bins, finished-product silos and liquid tanks built in our Lahore works.",https://www.semzoneng.com/products/fabrication/storage-tanks/
hammer-mill,Hammer Mill,Products · Grinding,2–35 t/h | 500–700 µm grind | Stage 02 · Grinding,High-throughput grinding that sets up everything downstream — particle size decided here determines mixing accuracy and pellet durability three stages later.,"The SMSP hammer mill reduces cleaned maize, wheat and meal to a uniform 500–700 µm grind through a high-speed beater rotor and interchangeable screens. Screen apertures are swapped in minutes to match ration and species, so one mill serves mash, pellet and crumb programmes alike.

Every SMSP is fabricated and trial-run in our Lahore works, balanced as an assembly, and matched to your line's magnet, feeder and aspiration so the grinding section runs dust-tight at rated load.",Why plants specify it,Capacities across the 2–35 t/h feed-line range | Reversible beaters for extended wear life | Quick-change screens for ration flexibility | Aspiration-ready housing for dust-tight operation | Direct spares support from the Lahore works,/assets/img/grinding-hammer-mill-smsp-01.webp,Hammer Mill,"Series:SMSP | Capacity:2–35 t/h (model dependent) | Typical grind:500–700 µm | Screens:Interchangeable, aperture to ration | Duty:Poultry · cattle · aqua · biomass pre-grind",Maize Pre-Cleaner>../../cleaning/maize-pre-cleaner/index.html | Ribbon Mixer>../../mixing/ribbon-mixer/index.html | Feed Pellet Mill>../../pelleting/feed-pellet-mill/index.html,Hammer Mill — SMSP | SEMZON Engineering,High-throughput grinding that sets up everything downstream — particle size decided here determines mixing accuracy and pellet durability three stages,https://www.semzoneng.com/products/grinding/hammer-mill/
liquid-adding,Automatic Liquid Adding,Products · Liquids,Multi-liquid dosing | Stage 03 · Mixing,"Automatic, recipe-driven dosing of multiple liquids — oil, molasses, enzymes — weighed and delivered per batch by the control system.","The automatic liquid adding system stores, weighs and injects several liquids per recipe, under PLC control, so each batch receives exactly what the formulation calls for without operator handling.

It closes the loop between the batching computer and the mixer for consistent finished-feed analysis.",Why plants specify it,"Multiple liquids per recipe | Weighed, PLC-driven dosing | No manual liquid handling | Consistent batch-to-batch analysis",/assets/img/illus-liquid-adding.svg,Automatic Liquid Adding,"Duty:Oils, molasses, liquid additives | Control:Recipe-driven via PLC | Position:Stage 03 — batching & mixing",Oil Adding Machine>../oil-adding/index.html | PLC & Control Panels>../../automation/plc-control-panels/index.html | Twin-Shaft Paddle Mixer>../paddle-mixer/index.html,Automatic Liquid Adding — ALA | SEMZON Engineering,"Automatic, recipe-driven dosing of multiple liquids — oil, molasses, enzymes — weighed and delivered per batch by the control system.",https://www.semzoneng.com/products/mixing/liquid-adding/
oil-adding,Oil Adding Machine,Products · Liquids,Mixer spray duty | Stage 03 · Mixing,"Tank, pump and spray manifold that puts a measured shot of oil into every batch — evenly, on time, without puddling.","The oil adding set meters fats and oils into the mixer through spray nozzles timed to the mixing cycle, so liquid lands on moving material and disperses evenly instead of streaking the batch.

Tank heating and insulated lines are specified for viscous fats in cold weather.",Why plants specify it,Measured oil shot per batch | Spray manifold for even dispersion | Tank heating options for viscous fats | Integrates with PLC batching control,/assets/img/illus-oil-adding.svg,Oil Adding Machine,"Duty:Fats & oils into mixer | Dosing:Batch-metered, cycle-timed | Options:Heated tank, insulated lines",Automatic Liquid Adding>../liquid-adding/index.html | Ribbon Mixer>../ribbon-mixer/index.html | PLC & Control Panels>../../automation/plc-control-panels/index.html,Oil Adding Machine — OIL | SEMZON Engineering,"Tank, pump and spray manifold that puts a measured shot of oil into every batch — evenly, on time, without puddling.",https://www.semzoneng.com/products/mixing/oil-adding/
paddle-mixer,Twin-Shaft Paddle Mixer,Products · Mixing,High-liquid rations | CV ≤ 5% | Stage 03 · Mixing,Twin-shaft paddle action for the shortest cycles and the gentlest handling — built for high-liquid and fragile-ingredient rations.,"The SMSJ twin-shaft paddle mixer fluidises the batch between counter-rotating paddle shafts, reaching CV ≤ 5% in an even shorter cycle than ribbon mixing while treating heat-sensitive and fragile ingredients gently.

It is the mixer of choice where high liquid percentages — molasses, fat, oil — would overload a ribbon machine.",Why plants specify it,Counter-rotating twin paddle shafts | Very short mixing cycles at CV ≤ 5% | Handles high liquid addition rates | Gentle action for fragile ingredients | Twin bomb-door discharge,/assets/img/illus-paddle-mixer.svg,Twin-Shaft Paddle Mixer,Series:SMSJ | Type:Twin-shaft paddle | Uniformity:CV ≤ 5% | Best for:High-liquid & premix-critical rations,Ribbon Mixer>../ribbon-mixer/index.html | Oil Adding Machine>../oil-adding/index.html | Automatic Liquid Adding>../liquid-adding/index.html,Twin-Shaft Paddle Mixer — SMSJ | SEMZON Engineering,Twin-shaft paddle action for the shortest cycles and the gentlest handling — built for high-liquid and fragile-ingredient rations.,https://www.semzoneng.com/products/mixing/paddle-mixer/
ribbon-mixer,Ribbon Mixer,Products · Mixing,250–2000 kg batch | CV ≤ 5% | Stage 03 · Mixing,Batch mixing to a coefficient of variation of 5% or better in a 90–120 second cycle — the accuracy heart of the batching section.,"The SMHY horizontal ribbon mixer blends macro ingredients, micro-doses and added liquids into a homogeneous batch in 90–120 seconds, holding CV at or below 5% across the 250–2000 kg batch range.

Full-length bomb-door discharge empties the batch fast and clean, keeping cycle times tight and cross-contamination low between rations.",Why plants specify it,Batch sizes 250–2000 kg | Mixing uniformity CV ≤ 5% | 90–120 second mixing cycle | Full-length quick-discharge door | Liquid adding ports for oil and additives,/assets/img/mixing-ribbon-mixer-smhy-cut.webp,Ribbon Mixer,"Series:SMHY | Batch size:250–2000 kg | Uniformity:CV ≤ 5% | Cycle:90–120 s | Options:Liquid/oil adding, load cells",Twin-Shaft Paddle Mixer>../paddle-mixer/index.html | Automatic Liquid Adding>../liquid-adding/index.html | Hammer Mill>../../grinding/hammer-mill/index.html,Ribbon Mixer — SMHY | SEMZON Engineering,Batch mixing to a coefficient of variation of 5% or better in a 90–120 second cycle — the accuracy heart of the batching section.,https://www.semzoneng.com/products/mixing/ribbon-mixer/
packing-scales,Packing Scales,Products · Packing,25/50 kg bags | Stage 06 · Packing,"Weigh, fill, stitch, dispatch — finished feed into accurate 25 and 50 kg bags at the pace of the line.","SEMZON packing stations weigh finished feed into 25 or 50 kg bags with load-cell accuracy, then carry them across a stitching conveyor to the dispatch bay.

Bagging rate is matched to line capacity so packing never becomes the bottleneck at the end of a good production day.",Why plants specify it,25 and 50 kg bag weights | Load-cell weighing accuracy | Integrated stitching conveyor | Rates matched to line capacity,/assets/img/packing-packing-scales-01.webp,Packing Scales,"Bag sizes:25 / 50 kg | Weighing:Load-cell, automatic | Line:Stitching conveyor to dispatch | Position:Stage 06 — packing & loading",Bucket Elevator>../../conveying/bucket-elevator/index.html | Pellet Cleaner>../../cleaning/pellet-cleaner/index.html | PLC & Control Panels>../../automation/plc-control-panels/index.html,Packing Scales — PACK | SEMZON Engineering,"Weigh, fill, stitch, dispatch — finished feed into accurate 25 and 50 kg bags at the pace of the line.",https://www.semzoneng.com/products/packing/packing-scales/
feed-pellet-mill,Feed Pellet Mill,Products · Pelleting,2–35 t/h | Ring die Ø350–768 mm | Stage 04 · Pelleting,"The heart of the plant — steam-conditioned mash pressed through precision ring dies at 80–85 °C, from 2 to 35 tonnes every hour.","The SZLH series covers the full SEMZON feed-line range with ring dies from Ø350 to Ø768 mm. Mash is conditioned with saturated steam to 80–85 °C — up to triple-pass conditioning on larger frames — then pressed into dense, durable pellets.

Gear-driven transmission, quick die clamping and roller adjustment keep changeovers short, and every die and roller set is supported with spares from the Lahore works for the life of the machine.",Why plants specify it,"Ring dies Ø350–768 mm across the series | Capacities from 2 to 35 t/h | Steam conditioning at 80–85 °C, up to triple conditioner | Quick die clamp and roller adjustment | Dies, rollers and wear parts ex-Lahore",/assets/img/pelleting-feed-pellet-mill-szlh-cut.webp,Feed Pellet Mill,Series:SZLH | Capacity:2–35 t/h | Ring die:Ø350–768 mm | Conditioning:Saturated steam · 80–85 °C | Drive:Gear transmission | Duty:Poultry · cattle · aqua sinking,Hammer Mill>../../grinding/hammer-mill/index.html | Counterflow Cooler>../../cooling-drying/counterflow-cooler/index.html | Pellet Crumbler>../../screening/crumbler/index.html,Feed Pellet Mill — SZLH | SEMZON Engineering,"The heart of the plant — steam-conditioned mash pressed through precision ring dies at 80–85 °C, from 2 to 35 tonnes every hour.",https://www.semzoneng.com/products/pelleting/feed-pellet-mill/
crumbler,Pellet Crumbler,Products · Screening,Starter & grower crumbs | Stage 05 · Screening,Corrugated-roll crumbling that turns cooled pellets into uniform starter and grower crumbs — up to four-roll configurations.,"The SSLG crumbler passes cooled pellets between corrugated rolls to produce crumbs for young birds and small species, with roll gap adjustment setting crumb size on the run.

A bypass flap sends whole pellets straight through when crumbs are not required, so one line serves both products.",Why plants specify it,Two- and four-roll configurations | On-the-run roll gap adjustment | Pellet bypass for whole-pellet products | Feeds SFJH screener for grading,/assets/img/screening-crumbler-sslg-01.webp,Pellet Crumbler,"Series:SSLG | Rolls:Up to 4, corrugated | Products:Starter / grower crumbs | Position:Stage 05 — cooling & screening",Vibration Screener>../vibration-screener/index.html | Feed Pellet Mill>../../pelleting/feed-pellet-mill/index.html | Pellet Cleaner>../../cleaning/pellet-cleaner/index.html,Pellet Crumbler — SSLG | SEMZON Engineering,Corrugated-roll crumbling that turns cooled pellets into uniform starter and grower crumbs — up to four-roll configurations.,https://www.semzoneng.com/products/screening/crumbler/
vibration-screener,Vibration Screener,Products · Screening,Multi-deck grading | Stage 05 · Screening,"Rotary vibration grading that splits pellets and crumbs into precise size fractions — uniform product forward, everything else back.","The SFJH screener grades cooled pellets and crumbled product across multiple decks, sending on-size feed to packing and returning fines and oversize for reprocessing.

Deck screens are matched to your crumb sizes and pellet diameters, and swap quickly between production runs.",Why plants specify it,"Multi-deck grading of pellets and crumbs | Quick screen change between products | Balanced vibration drive, low noise | Closed, dust-tight construction",/assets/img/screening-vibration-screener-sfjh-01.webp,Vibration Screener,"Series:SFJH | Duty:Pellets & crumbs | Decks:Multiple, screen-to-product | Position:Stage 05 — cooling & screening",Pellet Crumbler>../crumbler/index.html | Pellet Cleaner>../../cleaning/pellet-cleaner/index.html | Counterflow Cooler>../../cooling-drying/counterflow-cooler/index.html,Vibration Screener — SFJH | SEMZON Engineering,"Rotary vibration grading that splits pellets and crumbs into precise size fractions — uniform product forward, everything else back.",https://www.semzoneng.com/products/screening/vibration-screener/
