slug,title,category_breadcrumb,hero_tags,hero_lead,body_paragraphs,secondary_heading,secondary_text,hero_image,flow_intro,machine_flow (step|machine>link),meta_title,meta_description,canonical
aqua-pet-feed-line,Aqua & Pet Feed Line,Production lines,2–20 t/h | Floating & sinking | Wet extrusion,"Extrusion-based lines for floating and sinking fish feed, shrimp feed and pet food — 2 to 20 tonnes per hour.","Aqua and pet lines replace the pellet mill heart with SMHS wet extrusion, add SHGW belt drying and coating, and keep the same cleaning, grinding and packing sections around them.

Fine grinding and starch cook give the water stability aqua species demand; die changes switch the same line between floating, sinking and pet products.",Built into every line,Floating and sinking product by recipe and die; belt drying and oil coating included; species-specific fine-grinding specified up front.,/assets/img/extrusion-fish-feed-extruder-smhs-01.webp,Every SEMZON line follows the same accountable flow — see it animated on the homepage plant-flow .,01 — Intake & cleaning|MAIZE PRE-CLEANER>../../products/cleaning/maize-pre-cleaner/index.html | 02 — Grinding|HAMMER MILL>../../products/grinding/hammer-mill/index.html | 03 — Batching & mixing|RIBBON MIXER>../../products/mixing/ribbon-mixer/index.html | 04 — Conditioning & pelleting|FEED PELLET MILL>../../products/pelleting/feed-pellet-mill/index.html | 05 — Cooling & screening|COUNTERFLOW COOLER>../../products/cooling-drying/counterflow-cooler/index.html | 06 — Packing & loading|PACKING SCALES>../../products/packing/packing-scales/index.html,Aqua & Pet Feed Line | SEMZON Engineering,"Extrusion-based lines for floating and sinking fish feed, shrimp feed and pet food — 2 to 20 tonnes per hour.",https://www.semzoneng.com/solutions/aqua-pet-feed-line/
biomass-wood-pellet-line,Biomass Wood Pellet Line,Production lines,2–20 t/h | Sawdust · husk · chips | 6–10 mm pellet,"Fuel pellet plants from 2 to 20 tonnes per hour — sawdust, rice husk and chipped wood into dense 6–10 mm biomass pellets.","Biomass lines adapt the feed-plant backbone to woody raw material: heavier grinding, drying to pelleting moisture, high-compression dies and counterflow cooling for a hard, low-fines fuel pellet.

Raw-material flexibility is engineered in, because the cheapest fibre next year may not be this year's.",Built into every line,"Handles sawdust, husk and chips; 6–10 mm fuel pellet output; drying stage matched to raw-material moisture.",/assets/img/cooling-dryer-shgw-01.webp,Every SEMZON line follows the same accountable flow — see it animated on the homepage plant-flow .,01 — Intake & cleaning|MAIZE PRE-CLEANER>../../products/cleaning/maize-pre-cleaner/index.html | 02 — Grinding|HAMMER MILL>../../products/grinding/hammer-mill/index.html | 03 — Batching & mixing|RIBBON MIXER>../../products/mixing/ribbon-mixer/index.html | 04 — Conditioning & pelleting|FEED PELLET MILL>../../products/pelleting/feed-pellet-mill/index.html | 05 — Cooling & screening|COUNTERFLOW COOLER>../../products/cooling-drying/counterflow-cooler/index.html | 06 — Packing & loading|PACKING SCALES>../../products/packing/packing-scales/index.html,Biomass Wood Pellet Line | SEMZON Engineering,"Fuel pellet plants from 2 to 20 tonnes per hour — sawdust, rice husk and chipped wood into dense 6–10 mm biomass pellets.",https://www.semzoneng.com/solutions/biomass-wood-pellet-line/
bop-plant,BOP Fertilizer Plant,Production lines,50–200 t/d | Granulation & screening,"Bone-based BOP fertilizer plants at 50–200 tonnes per day — grinding, granulation, drying and screening as one delivered line.","BOP plants apply the same process discipline as our SSP scope to bone-derived fertilizer: raw grinding, granulation, drying, screening and bagging, engineered together so each stage feeds the next at rate.

Auriga, Karachi — a SEMZON BOP delivery — anchors the reference list.",Built into every line,Granulation-centred flowsheet; drying and screening matched to granule spec; bagging to 50 kg.,/assets/img/project-auriga-bop-karachi-01.webp,Every SEMZON line follows the same accountable flow — see it animated on the homepage plant-flow .,01 — Intake & cleaning|MAIZE PRE-CLEANER>../../products/cleaning/maize-pre-cleaner/index.html | 02 — Grinding|HAMMER MILL>../../products/grinding/hammer-mill/index.html | 03 — Batching & mixing|RIBBON MIXER>../../products/mixing/ribbon-mixer/index.html | 04 — Conditioning & pelleting|FEED PELLET MILL>../../products/pelleting/feed-pellet-mill/index.html | 05 — Cooling & screening|COUNTERFLOW COOLER>../../products/cooling-drying/counterflow-cooler/index.html | 06 — Packing & loading|PACKING SCALES>../../products/packing/packing-scales/index.html,BOP Fertilizer Plant | SEMZON Engineering,"Bone-based BOP fertilizer plants at 50–200 tonnes per day — grinding, granulation, drying and screening as one delivered line.",https://www.semzoneng.com/solutions/bop-plant/
cattle-feed-line,Cattle Feed Line,Production lines,Compact lines | Manual & semi-auto,Right-sized cattle and dairy feed plants — compact manual and semi-automatic lines that grow with your herd book.,"Cattle feed lines pare the six-stage flow down to what dairy and fattening rations actually need: robust grinding, accurate mixing with molasses addition, and pelleting where the market pays for it.

Start manual, automate batching later — the layout is planned for the upgrade on day one.",Built into every line,Molasses and liquid addition designed in; mash-only or mash+pellet configurations; staged automation path.,/assets/img/grinding-hammer-mill-smsp-01.webp,Every SEMZON line follows the same accountable flow — see it animated on the homepage plant-flow .,01 — Intake & cleaning|MAIZE PRE-CLEANER>../../products/cleaning/maize-pre-cleaner/index.html | 02 — Grinding|HAMMER MILL>../../products/grinding/hammer-mill/index.html | 03 — Batching & mixing|RIBBON MIXER>../../products/mixing/ribbon-mixer/index.html | 04 — Conditioning & pelleting|FEED PELLET MILL>../../products/pelleting/feed-pellet-mill/index.html | 05 — Cooling & screening|COUNTERFLOW COOLER>../../products/cooling-drying/counterflow-cooler/index.html | 06 — Packing & loading|PACKING SCALES>../../products/packing/packing-scales/index.html,Cattle Feed Line | SEMZON Engineering,Right-sized cattle and dairy feed plants — compact manual and semi-automatic lines that grow with your herd book.,https://www.semzoneng.com/solutions/cattle-feed-line/
npk-compound-fertilizer,NPK & Compound Fertilizer,Production lines,Compound granulation | Blending & screening,"Compound and blended NPK production — dosing, granulation, drying and screening engineered around your formulations.","NPK scope combines accurate multi-ingredient dosing with granulation, drying, cooling and screening so each granule carries the declared analysis.

Formulation flexibility is the design driver: the same plant runs seasonal grades without rebuilding the front end.",Built into every line,Multi-ingredient batching; granulation and polish screening; seasonal grade changeovers planned in.,/assets/img/illus-npk-granulator.svg,Every SEMZON line follows the same accountable flow — see it animated on the homepage plant-flow .,01 — Intake & cleaning|MAIZE PRE-CLEANER>../../products/cleaning/maize-pre-cleaner/index.html | 02 — Grinding|HAMMER MILL>../../products/grinding/hammer-mill/index.html | 03 — Batching & mixing|RIBBON MIXER>../../products/mixing/ribbon-mixer/index.html | 04 — Conditioning & pelleting|FEED PELLET MILL>../../products/pelleting/feed-pellet-mill/index.html | 05 — Cooling & screening|COUNTERFLOW COOLER>../../products/cooling-drying/counterflow-cooler/index.html | 06 — Packing & loading|PACKING SCALES>../../products/packing/packing-scales/index.html,NPK & Compound Fertilizer | SEMZON Engineering,"Compound and blended NPK production — dosing, granulation, drying and screening engineered around your formulations.",https://www.semzoneng.com/solutions/npk-compound-fertilizer/
organic-compost-plant,Organic Compost Plant,Production lines,50–100 t/d | Municipal & farm waste,"Compost plants from 50 to 100 tonnes per day — municipal and farm organics screened, matured and refined into saleable compost.","SEMZON compost plants take mixed organic waste through sorting, size reduction, controlled maturation and final screening, turning a disposal cost into a product line.

Our waste-management installation at Quetta is the working reference for this scope.",Built into every line,Front-end sorting and contaminant removal; maturation handling equipment; final screening to product grade.,/assets/img/project-quetta-wmc-01.webp,Every SEMZON line follows the same accountable flow — see it animated on the homepage plant-flow .,01 — Intake & cleaning|MAIZE PRE-CLEANER>../../products/cleaning/maize-pre-cleaner/index.html | 02 — Grinding|HAMMER MILL>../../products/grinding/hammer-mill/index.html | 03 — Batching & mixing|RIBBON MIXER>../../products/mixing/ribbon-mixer/index.html | 04 — Conditioning & pelleting|FEED PELLET MILL>../../products/pelleting/feed-pellet-mill/index.html | 05 — Cooling & screening|COUNTERFLOW COOLER>../../products/cooling-drying/counterflow-cooler/index.html | 06 — Packing & loading|PACKING SCALES>../../products/packing/packing-scales/index.html,Organic Compost Plant | SEMZON Engineering,"Compost plants from 50 to 100 tonnes per day — municipal and farm organics screened, matured and refined into saleable compost.",https://www.semzoneng.com/solutions/organic-compost-plant/
poultry-livestock-feed-line,Poultry & Livestock Feed Line,Production lines,10–80 t/h | Mash · pellet · crumb | Turnkey scope,Complete poultry and livestock feed plants from 10 to 80 tonnes per hour — grinding to bagging under one signature.,"SEMZON poultry and livestock lines carry raw maize and meal through cleaning, grinding, batching, pelleting, cooling, crumbling and packing in one engineered flow — the same six stages you can walk through on our homepage, sized to your market.

Reference installations include the 20 t/h fully automated Albadar Feed plant in Kabul and pellet systems for Roshan Feeds, Gujranwala — designed, fabricated and commissioned by the same Lahore team that supports them today.",Built into every line,"Mash, pellet and crumb products from one line; capacities stepped from 10 to 80 t/h; full PLC automation available from day one or as a later retrofit.",/assets/img/project-roshan-feeds-gujranwala-01.webp,Every SEMZON line follows the same accountable flow — see it animated on the homepage plant-flow .,01 — Intake & cleaning|MAIZE PRE-CLEANER>../../products/cleaning/maize-pre-cleaner/index.html | 02 — Grinding|HAMMER MILL>../../products/grinding/hammer-mill/index.html | 03 — Batching & mixing|RIBBON MIXER>../../products/mixing/ribbon-mixer/index.html | 04 — Conditioning & pelleting|FEED PELLET MILL>../../products/pelleting/feed-pellet-mill/index.html | 05 — Cooling & screening|COUNTERFLOW COOLER>../../products/cooling-drying/counterflow-cooler/index.html | 06 — Packing & loading|PACKING SCALES>../../products/packing/packing-scales/index.html,Poultry & Livestock Feed Line | SEMZON Engineering,Complete poultry and livestock feed plants from 10 to 80 tonnes per hour — grinding to bagging under one signature.,https://www.semzoneng.com/solutions/poultry-livestock-feed-line/
ssp-plant,SSP Fertilizer Plant,Production lines,50–200 t/d | Acid to bagging,"Single Super Phosphate plants from 50 to 200 tonnes per day — rock phosphate and acid in, cured, granulated, bagged SSP out.","SEMZON SSP plants cover the full process chain: rock grinding, acidulation, den curing, granulation, screening and bagging, with materials handling and structures fabricated in our own works.

The Auriga installation in Karachi is our standing reference for fertilizer-scale process fabrication delivered turnkey.",Built into every line,Complete process from acidulation to bagging; corrosion-conscious materials selection; structures and handling fabricated in-house.,/assets/img/project-auriga-bop-karachi-01.webp,Every SEMZON line follows the same accountable flow — see it animated on the homepage plant-flow .,01 — Intake & cleaning|MAIZE PRE-CLEANER>../../products/cleaning/maize-pre-cleaner/index.html | 02 — Grinding|HAMMER MILL>../../products/grinding/hammer-mill/index.html | 03 — Batching & mixing|RIBBON MIXER>../../products/mixing/ribbon-mixer/index.html | 04 — Conditioning & pelleting|FEED PELLET MILL>../../products/pelleting/feed-pellet-mill/index.html | 05 — Cooling & screening|COUNTERFLOW COOLER>../../products/cooling-drying/counterflow-cooler/index.html | 06 — Packing & loading|PACKING SCALES>../../products/packing/packing-scales/index.html,SSP Fertilizer Plant | SEMZON Engineering,"Single Super Phosphate plants from 50 to 200 tonnes per day — rock phosphate and acid in, cured, granulated, bagged SSP out.",https://www.semzoneng.com/solutions/ssp-plant/
